{
    "pr_auc": 0.6368473914000622,
    "roc_auc": 0.5534322653847301,
    "brier": 0.24118079049036875,
    "thresholds": {
        "primary": 1,
        "f1_max": 0.307692312480907,
        "recall_target": 0.4469305615016641,
        "best": 1,
        "recall80": 0.4469305615016641
    },
    "operating_points": {
        "validation": {
            "primary": {
                "threshold": 1,
                "precision": 1,
                "recall": 0.019230769230769232,
                "f1": 0.03773584905660378,
                "support": {
                    "tp": 18,
                    "fp": 0,
                    "tn": 733,
                    "fn": 918
                },
                "threshold_index": 1635
            },
            "f1_max": {
                "threshold": 0.307692312480907,
                "precision": 0.5628019323671497,
                "recall": 0.9957264957264957,
                "f1": 0.7191358024691358,
                "support": {
                    "tp": 932,
                    "fp": 724,
                    "tn": 9,
                    "fn": 4
                },
                "threshold_index": 2
            },
            "recall_target": {
                "threshold": 0.4469305615016641,
                "precision": 0.5593726661687827,
                "recall": 0.8002136752136753,
                "f1": 0.6584615384615384,
                "support": {
                    "tp": 749,
                    "fp": 590,
                    "tn": 143,
                    "fn": 187
                },
                "threshold_index": 319,
                "target_recall": 0.8
            }
        },
        "test": {
            "primary": {
                "threshold": 1,
                "precision": 0.9090909090909091,
                "recall": 0.010649627263045794,
                "f1": 0.02105263157894737,
                "support": {
                    "tp": 10,
                    "fp": 1,
                    "tn": 641,
                    "fn": 929
                },
                "threshold_index": 1635
            },
            "f1_max": {
                "threshold": 0.307692312480907,
                "precision": 0.5965692503176621,
                "recall": 1,
                "f1": 0.7473139673696777,
                "support": {
                    "tp": 939,
                    "fp": 635,
                    "tn": 7,
                    "fn": 0
                },
                "threshold_index": 2
            },
            "recall_target": {
                "threshold": 0.4469305615016641,
                "precision": 0.5968127490039841,
                "recall": 0.7976570820021299,
                "f1": 0.6827711941659069,
                "support": {
                    "tp": 749,
                    "fp": 506,
                    "tn": 136,
                    "fn": 190
                },
                "threshold_index": 319,
                "target_recall": 0.8
            }
        }
    },
    "reliability": {
        "validation": [
            {
                "bin": 1,
                "lower": 0.3076923076923077,
                "upper": 0.43248836764079834,
                "count": 167,
                "avg_pred": 0.3889860596665798,
                "emp_rate": 0.5449101796407185
            },
            {
                "bin": 2,
                "lower": 0.4325238138445995,
                "upper": 0.4470052842573876,
                "count": 167,
                "avg_pred": 0.44038835139361104,
                "emp_rate": 0.5868263473053892
            },
            {
                "bin": 3,
                "lower": 0.4470445375607449,
                "upper": 0.45056720401664463,
                "count": 167,
                "avg_pred": 0.44993820957853886,
                "emp_rate": 0.4431137724550898
            },
            {
                "bin": 4,
                "lower": 0.45056720554023266,
                "upper": 0.5281868692672181,
                "count": 167,
                "avg_pred": 0.46121651002219094,
                "emp_rate": 0.25748502994011974
            },
            {
                "bin": 5,
                "lower": 0.5285309041790749,
                "upper": 0.5689655408408757,
                "count": 167,
                "avg_pred": 0.5646310619085684,
                "emp_rate": 0.6586826347305389
            },
            {
                "bin": 6,
                "lower": 0.5689655421154585,
                "upper": 0.5689714107502407,
                "count": 167,
                "avg_pred": 0.568965802735228,
                "emp_rate": 0.7245508982035929
            },
            {
                "bin": 7,
                "lower": 0.568971984532327,
                "upper": 0.5697801111144475,
                "count": 167,
                "avg_pred": 0.5692733350916775,
                "emp_rate": 0.5508982035928144
            },
            {
                "bin": 8,
                "lower": 0.5697914113748237,
                "upper": 0.5753304649687805,
                "count": 167,
                "avg_pred": 0.5718330429578663,
                "emp_rate": 0.6047904191616766
            },
            {
                "bin": 9,
                "lower": 0.5754211616587619,
                "upper": 0.6088108092693425,
                "count": 167,
                "avg_pred": 0.5871454612196992,
                "emp_rate": 0.6407185628742516
            },
            {
                "bin": 10,
                "lower": 0.6093181977968033,
                "upper": 1,
                "count": 166,
                "avg_pred": 0.6670596015639743,
                "emp_rate": 0.5963855421686747
            }
        ],
        "test": [
            {
                "bin": 1,
                "lower": 0.3076923076923077,
                "upper": 0.43322968406544926,
                "count": 159,
                "avg_pred": 0.39050175004565624,
                "emp_rate": 0.559748427672956
            },
            {
                "bin": 2,
                "lower": 0.43345660031455174,
                "upper": 0.44626192810541454,
                "count": 159,
                "avg_pred": 0.4409149329892386,
                "emp_rate": 0.5974842767295597
            },
            {
                "bin": 3,
                "lower": 0.44654390456883786,
                "upper": 0.4505670992537375,
                "count": 159,
                "avg_pred": 0.44932781164080393,
                "emp_rate": 0.5786163522012578
            },
            {
                "bin": 4,
                "lower": 0.45056710587915916,
                "upper": 0.49351184660009917,
                "count": 159,
                "avg_pred": 0.4518984057484883,
                "emp_rate": 0.23270440251572327
            },
            {
                "bin": 5,
                "lower": 0.5,
                "upper": 0.5689655313641901,
                "count": 159,
                "avg_pred": 0.557512756769172,
                "emp_rate": 0.6666666666666666
            },
            {
                "bin": 6,
                "lower": 0.5689655316546254,
                "upper": 0.5689656650879472,
                "count": 159,
                "avg_pred": 0.5689655721076904,
                "emp_rate": 0.7735849056603774
            },
            {
                "bin": 7,
                "lower": 0.5689656752540106,
                "upper": 0.5693792361092056,
                "count": 159,
                "avg_pred": 0.5690608214250465,
                "emp_rate": 0.5849056603773585
            },
            {
                "bin": 8,
                "lower": 0.5693829666513636,
                "upper": 0.5730081124888875,
                "count": 159,
                "avg_pred": 0.5708204478171145,
                "emp_rate": 0.6792452830188679
            },
            {
                "bin": 9,