{
    "pr_auc": 0.7112779420100515,
    "roc_auc": 0.5168527863207031,
    "brier": 0.24411420430690495,
    "thresholds": {
        "best": 0,
        "recall80": 0
    },
    "confusion_best": {
        "TP": 939,
        "FP": 642,
        "TN": 0,
        "FN": 0,
        "precision": 0.5939278937381404,
        "recall": 1,
        "f1": 0.7452380952380953
    },
    "confusion_strict": {
        "TP": 939,
        "FP": 642,
        "TN": 0,
        "FN": 0,
        "precision": 0.5939278937381404,
        "recall": 1,
        "f1": 0.7452380952380953
    }
}