{
    "pr_auc": 0.6672207153994265,
    "roc_auc": 0.5845334899259826,
    "brier": 0.2294654577501893,
    "thresholds": {
        "primary": {
            "threshold": 1,
            "expected_cost": 926,
            "f_beta": 0.021141649048625793
        },
        "f1_max": {
            "threshold": 0.08344516748206605,
            "expected_cost": 723,
            "f_beta": 0.7211723871962977
        },
        "recall_target": {
            "threshold": 0.37103409916448743,
            "target_recall": 0.8,
            "expected_cost": 786,
            "f_beta": 0.6558669001751314
        },
        "best": 1,
        "recall80": 0.37103409916448743
    },
    "operating_points": {
        "validation": {
            "primary": {
                "threshold": 1,
                "precision": 1,
                "recall": 0.010683760683760684,
                "f1": 0.021141649048625793,
                "expected_cost": 926,
                "f_beta": 0.021141649048625793,
                "support": {
                    "tp": 10,
                    "fp": 0,
                    "tn": 733,
                    "fn": 926
                },
                "threshold_index": 1649
            },
            "f1_max": {
                "threshold": 0.08344516748206605,
                "precision": 0.5642727821363911,
                "recall": 0.9989316239316239,
                "f1": 0.7211723871962977,
                "expected_cost": 723,
                "f_beta": 0.7211723871962977,
                "support": {
                    "tp": 935,
                    "fp": 722,
                    "tn": 11,
                    "fn": 1
                },
                "threshold_index": 2
            },
            "recall_target": {
                "threshold": 0.37103409916448743,
                "precision": 0.5556379821958457,
                "recall": 0.8002136752136753,
                "f1": 0.6558669001751314,
                "expected_cost": 786,
                "f_beta": 0.6558669001751314,
                "support": {
                    "tp": 749,
                    "fp": 599,
                    "tn": 134,
                    "fn": 187
                },
                "threshold_index": 311,
                "target_recall": 0.8
            }
        },
        "test": {
            "primary": {
                "threshold": 1,
                "precision": 1,
                "recall": 0.009584664536741214,
                "f1": 0.0189873417721519,
                "support": {
                    "tp": 9,
                    "fp": 0,
                    "tn": 642,
                    "fn": 930
                },
                "expected_cost": 930,
                "f_beta": 0.0189873417721519,
                "threshold_index": 1649
            },
            "f1_max": {
                "threshold": 0.08344516748206605,
                "precision": 0.5971956660293181,
                "recall": 0.9978700745473909,
                "f1": 0.7472089314194578,
                "support": {
                    "tp": 937,
                    "fp": 632,
                    "tn": 10,
                    "fn": 2
                },
                "expected_cost": 634,
                "f_beta": 0.7472089314194578,
                "threshold_index": 2
            },
            "recall_target": {
                "threshold": 0.37103409916448743,
                "precision": 0.595895816890292,
                "recall": 0.8040468583599574,
                "f1": 0.6844968268359021,
                "support": {
                    "tp": 755,
                    "fp": 512,
                    "tn": 130,
                    "fn": 184
                },
                "expected_cost": 696,
                "f_beta": 0.6844968268359021,
                "threshold_index": 311,
                "target_recall": 0.8
            }
        }
    },
    "reliability": {
        "validation": [
            {
                "bin": 1,
                "lower": 0.08333333333333333,
                "upper": 0.3230898843009814,
                "count": 167,
                "avg_pred": 0.23533892108915536,
                "emp_rate": 0.562874251497006
            },
            {
                "bin": 2,
                "lower": 0.3236342288479138,
                "upper": 0.37191501541978655,
                "count": 167,
                "avg_pred": 0.3539629555003594,
                "emp_rate": 0.592814371257485
            },
            {
                "bin": 3,
                "lower": 0.3720421407090645,
                "upper": 0.39046965952884116,
                "count": 167,
                "avg_pred": 0.3820725501708733,
                "emp_rate": 0.5449101796407185
            },
            {
                "bin": 4,
                "lower": 0.3905006062137306,
                "upper": 0.39177370560035546,
                "count": 167,
                "avg_pred": 0.3913993177245974,
                "emp_rate": 0.08982035928143713
            },
            {
                "bin": 5,
                "lower": 0.39177532118983766,
                "upper": 0.6666781826198853,
                "count": 167,
                "avg_pred": 0.4284379259358229,
                "emp_rate": 0.20958083832335328
            },
            {
                "bin": 6,
                "lower": 0.6666783754070469,
                "upper": 0.6667246457283593,
                "count": 167,
                "avg_pred": 0.6667061537062188,
                "emp_rate": 0.8982035928143712
            },
            {
                "bin": 7,
                "lower": 0.6667253466401205,
                "upper": 0.6669043256876757,
                "count": 167,
                "avg_pred": 0.6667792928035052,
                "emp_rate": 0.8562874251497006
            },
            {
                "bin": 8,
                "lower": 0.6669078417504438,
                "upper": 0.6708738849833062,
                "count": 167,
                "avg_pred": 0.6681099513798685,
                "emp_rate": 0.6167664670658682
            },
            {
                "bin": 9,
                "lower": 0.670899358599482,
                "upper": 0.7026765232231456,
                "count": 167,
                "avg_pred": 0.6814069517580574,
                "emp_rate": 0.6227544910179641
            },
            {
                "bin": 10,
                "lower": 0.7029716983841738,
                "upper": 1,
                "count": 166,
                "avg_pred": 0.7531477763551309,
                "emp_rate": 0.6144578313253012
            }
        ],
        "test": [
            {
                "bin": 1,
                "lower": 0.08333333333333333,
                "upper": 0.3201389837778753,
                "count": 159,
                "avg_pred": 0.23560371317518522,
                "emp_rate": 0.5408805031446541
            },
            {
                "bin": 2,
                "lower": 0.32146316323186347,
                "upper": 0.3721398163535228,
                "count": 159,
                "avg_pred": 0.3529952375024848,
                "emp_rate": 0.6415094339622641
            },
            {
                "bin": 3,
                "lower": 0.37216355110639165,
                "upper": 0.3876361557044171,
                "count": 159,
                "avg_pred": 0.380787303891027,
                "emp_rate": 0.6226415094339622
            },
            {
                "bin": 4,
                "lower": 0.38773557480665594,
                "upper": 0.39156639187418785,
                "count": 159,
                "avg_pred": 0.3907020178603921,
                "emp_rate": 0.31446540880503143
            },
            {
                "bin": 5,
                "lower": 0.39156917191525975,
                "upper": 0.39224645989733026,
                "count": 159,
                "avg_pred": 0.3918981855947959,